-- phpMyAdmin SQL Dump
-- version 4.5.4.1deb2ubuntu2
-- http://www.phpmyadmin.net
--
-- Host: localhost
-- Generation Time: Apr 26, 2017 at 05:20 AM
-- Server version: 5.7.13-0ubuntu0.16.04.2
-- PHP Version: 7.0.9-1+deb.sury.org~xenial+1

SET SQL_MODE = "NO_AUTO_VALUE_ON_ZERO";
SET time_zone = "+00:00";


/*!40101 SET @OLD_CHARACTER_SET_CLIENT=@@CHARACTER_SET_CLIENT */;
/*!40101 SET @OLD_CHARACTER_SET_RESULTS=@@CHARACTER_SET_RESULTS */;
/*!40101 SET @OLD_COLLATION_CONNECTION=@@COLLATION_CONNECTION */;
/*!40101 SET NAMES utf8mb4 */;

--
-- Database: `productapp`
--

-- --------------------------------------------------------

--
-- Table structure for table `brand`
--

CREATE TABLE `brand` (
  `id` int(11) NOT NULL,
  `name` varchar(80) NOT NULL,
  `timecreated` timestamp NOT NULL DEFAULT CURRENT_TIMESTAMP
) ENGINE=InnoDB DEFAULT CHARSET=latin1;

--
-- Dumping data for table `brand`
--

INSERT INTO `brand` (`id`, `name`, `timecreated`) VALUES
(1, 'Bata', '2017-04-11 20:34:24'),
(2, 'Nike', '2017-04-11 20:34:24'),
(3, 'Reebok', '2017-04-19 05:43:31'),
(4, 'Adidas', '2017-04-19 05:43:49'),
(6, 'cosco', '2017-04-19 05:44:46');

-- --------------------------------------------------------

--
-- Table structure for table `operation`
--

CREATE TABLE `operation` (
  `id` int(11) NOT NULL,
  `name` varchar(100) NOT NULL
) ENGINE=InnoDB DEFAULT CHARSET=latin1;

--
-- Dumping data for table `operation`
--

INSERT INTO `operation` (`id`, `name`) VALUES
(1, 'LISTALLPRODUCTS'),
(2, 'GETPRODUCT'),
(3, 'EDITPRODUCT'),
(4, 'ADDPRODUCT'),
(5, 'DELETEPRODUCT'),
(6, 'SEARCHPRODUCT'),
(7, 'ADDPRODUCTSTOCK'),
(8, 'DELETEPRODUCTSTOCK'),
(9, 'LISTALLBRANDS'),
(10, 'GETAUTHTOKEN');

-- --------------------------------------------------------

--
-- Table structure for table `product`
--

CREATE TABLE `product` (
  `id` int(11) NOT NULL,
  `productcode` varchar(30) NOT NULL,
  `name` varchar(80) NOT NULL,
  `brand` int(11) NOT NULL,
  `stock` int(11) NOT NULL,
  `timemodified` timestamp NULL DEFAULT CURRENT_TIMESTAMP ON UPDATE CURRENT_TIMESTAMP
) ENGINE=InnoDB DEFAULT CHARSET=latin1;

--
-- Dumping data for table `product`
--

INSERT INTO `product` (`id`, `productcode`, `name`, `brand`, `stock`, `timemodified`) VALUES
(1, 'hawai120', 'Relaxooo Hawaiii Specialll', 1, 5, '2017-04-19 22:45:51'),
(2, 'kolha201', 'kolhapuri chappal', 1, 20, '2017-04-19 12:58:13'),
(3, 'allstar89', 'Nike All Star Originals 1889', 2, 12, '2017-04-21 20:34:34'),
(4, 'adistar98', 'Adidas All Star Fake 1898', 4, 88, '2017-04-21 21:06:43'),
(5, 'msdsnk100', 'Sneakers MS Dhoni edition', 6, 4, '2017-04-19 08:24:57'),
(7, 'braqu014', 'Football Braquza World Cup 14 edition', 6, 1, '2017-04-19 13:54:32');

-- --------------------------------------------------------

--
-- Table structure for table `transaction`
--

CREATE TABLE `transaction` (
  `id` int(11) NOT NULL,
  `userid` int(11) NOT NULL,
  `productcode` varchar(11) DEFAULT NULL COMMENT 'product code of the item invloved in transaction',
  `operation` int(11) NOT NULL,
  `responsecode` int(11) DEFAULT NULL COMMENT 'HTTP response code for the RESTful API transaction',
  `comments` text,
  `time` timestamp NOT NULL DEFAULT CURRENT_TIMESTAMP ON UPDATE CURRENT_TIMESTAMP
) ENGINE=InnoDB DEFAULT CHARSET=latin1;

--
-- Dumping data for table `transaction`
--

INSERT INTO `transaction` (`id`, `userid`, `productcode`, `operation`, `responsecode`, `comments`, `time`) VALUES
(28, 1, NULL, 1, 200, NULL, '2017-04-21 23:50:42'),
(29, 1, NULL, 1, 200, NULL, '2017-04-21 23:54:03'),
(30, 1, NULL, 1, 200, NULL, '2017-04-21 23:54:36'),
(31, 1, NULL, 1, 200, NULL, '2017-04-21 23:55:00'),
(32, 1, NULL, 1, 200, NULL, '2017-04-23 02:03:19'),
(33, 1, NULL, 1, 200, NULL, '2017-04-23 02:57:22'),
(34, 1, NULL, 1, 200, NULL, '2017-04-23 02:57:22'),
(35, 1, NULL, 1, 200, NULL, '2017-04-23 02:59:51'),
(36, 1, NULL, 1, 200, NULL, '2017-04-23 02:59:51'),
(37, 1, NULL, 1, 200, NULL, '2017-04-23 03:30:02'),
(38, 1, NULL, 1, 200, NULL, '2017-04-23 03:30:02'),
(39, 1, NULL, 1, 200, NULL, '2017-04-23 03:33:25'),
(40, 1, NULL, 1, 200, NULL, '2017-04-23 03:33:25'),
(41, 1, NULL, 1, 200, NULL, '2017-04-23 03:33:25'),
(42, 1, NULL, 1, 200, NULL, '2017-04-23 15:03:12'),
(43, 1, NULL, 1, 200, NULL, '2017-04-23 15:03:12'),
(44, 1, NULL, 1, 200, NULL, '2017-04-23 16:22:47'),
(45, 1, NULL, 1, 200, NULL, '2017-04-23 16:22:48'),
(46, 1, NULL, 1, 200, NULL, '2017-04-23 16:37:13'),
(47, 1, NULL, 1, 200, NULL, '2017-04-23 16:37:13'),
(48, 1, NULL, 1, 200, NULL, '2017-04-23 16:37:13'),
(49, 1, NULL, 1, 200, NULL, '2017-04-23 17:05:54'),
(50, 1, NULL, 1, 200, NULL, '2017-04-23 17:05:54'),
(51, 1, NULL, 1, 200, NULL, '2017-04-23 17:05:54'),
(52, 1, NULL, 1, 200, NULL, '2017-04-23 17:09:27'),
(53, 1, NULL, 1, 200, NULL, '2017-04-23 17:09:27'),
(54, 1, NULL, 1, 200, NULL, '2017-04-23 17:09:27'),
(55, 1, NULL, 1, 200, NULL, '2017-04-23 17:13:14'),
(56, 1, NULL, 1, 200, NULL, '2017-04-23 17:13:14'),
(57, 1, NULL, 1, 200, NULL, '2017-04-23 17:13:14'),
(58, 1, NULL, 1, 200, NULL, '2017-04-23 17:14:26'),
(59, 1, NULL, 1, 200, NULL, '2017-04-23 17:14:26'),
(60, 1, NULL, 1, 200, NULL, '2017-04-23 17:14:26'),
(61, 1, NULL, 1, 200, NULL, '2017-04-23 17:14:46'),
(62, 1, NULL, 1, 200, NULL, '2017-04-23 17:14:46'),
(63, 1, NULL, 1, 200, NULL, '2017-04-23 17:14:46'),
(64, 1, NULL, 1, 200, NULL, '2017-04-23 17:24:05'),
(65, 1, NULL, 1, 200, NULL, '2017-04-23 17:24:05'),
(66, 1, NULL, 1, 200, NULL, '2017-04-23 17:24:05'),
(67, 1, NULL, 1, 200, NULL, '2017-04-23 17:46:15'),
(68, 1, NULL, 1, 200, NULL, '2017-04-23 17:46:15'),
(69, 1, NULL, 1, 200, NULL, '2017-04-23 17:46:15'),
(70, 1, NULL, 1, 200, NULL, '2017-04-23 17:46:44'),
(71, 1, NULL, 1, 200, NULL, '2017-04-23 17:46:44'),
(72, 1, NULL, 1, 200, NULL, '2017-04-23 17:46:44'),
(73, 1, NULL, 1, 200, NULL, '2017-04-23 18:42:24'),
(74, 1, NULL, 1, 200, NULL, '2017-04-23 18:42:24'),
(75, 1, NULL, 1, 200, NULL, '2017-04-23 18:42:24'),
(76, 1, NULL, 1, 200, NULL, '2017-04-23 18:42:24'),
(77, 1, NULL, 1, 200, NULL, '2017-04-23 18:42:24'),
(78, 1, NULL, 1, 200, NULL, '2017-04-23 18:42:24'),
(79, 1, NULL, 1, 200, NULL, '2017-04-23 18:48:18'),
(80, 1, NULL, 1, 200, NULL, '2017-04-23 18:48:18'),
(81, 1, NULL, 1, 200, NULL, '2017-04-23 18:48:18'),
(82, 1, NULL, 1, 200, NULL, '2017-04-23 18:48:18'),
(83, 1, NULL, 1, 200, NULL, '2017-04-23 18:48:18'),
(84, 1, NULL, 1, 200, NULL, '2017-04-23 18:48:18'),
(85, 1, NULL, 1, 200, NULL, '2017-04-23 18:49:12'),
(86, 1, NULL, 1, 200, NULL, '2017-04-23 18:49:12'),
(87, 1, NULL, 1, 200, NULL, '2017-04-23 18:49:12'),
(88, 1, NULL, 1, 200, NULL, '2017-04-23 18:49:12'),
(89, 1, NULL, 1, 200, NULL, '2017-04-23 18:49:12'),
(90, 1, NULL, 1, 200, NULL, '2017-04-23 18:49:12'),
(91, 1, NULL, 1, 200, NULL, '2017-04-23 18:49:35'),
(92, 1, NULL, 1, 200, NULL, '2017-04-23 18:49:35'),
(93, 1, NULL, 1, 200, NULL, '2017-04-23 18:49:36'),
(94, 1, NULL, 1, 200, NULL, '2017-04-23 18:49:36'),
(95, 1, NULL, 1, 200, NULL, '2017-04-23 18:49:36'),
(96, 1, NULL, 1, 200, NULL, '2017-04-23 18:49:36'),
(97, 1, NULL, 1, 200, NULL, '2017-04-23 18:50:54'),
(98, 1, NULL, 1, 200, NULL, '2017-04-23 18:50:54'),
(99, 1, NULL, 1, 200, NULL, '2017-04-23 18:50:54'),
(100, 1, NULL, 1, 200, NULL, '2017-04-23 18:50:54'),
(101, 1, NULL, 1, 200, NULL, '2017-04-23 18:50:54'),
(102, 1, NULL, 1, 200, NULL, '2017-04-23 18:50:54'),
(103, 1, NULL, 1, 200, NULL, '2017-04-23 18:54:34'),
(104, 1, NULL, 1, 200, NULL, '2017-04-23 18:54:34'),
(105, 1, NULL, 1, 200, NULL, '2017-04-23 18:54:34'),
(106, 1, NULL, 9, 200, NULL, '2017-04-23 18:54:34'),
(107, 1, NULL, 9, 200, NULL, '2017-04-23 18:54:34'),
(108, 1, NULL, 9, 200, NULL, '2017-04-23 18:54:34'),
(109, 1, NULL, 1, 200, NULL, '2017-04-23 19:19:13'),
(110, 1, NULL, 1, 200, NULL, '2017-04-23 19:19:13'),
(111, 1, NULL, 1, 200, NULL, '2017-04-23 19:19:13'),
(112, 1, NULL, 9, 200, NULL, '2017-04-23 19:19:13'),
(113, 1, NULL, 9, 200, NULL, '2017-04-23 19:19:13'),
(114, 1, NULL, 9, 200, NULL, '2017-04-23 19:19:13'),
(115, 1, NULL, 1, 200, NULL, '2017-04-23 19:24:39'),
(116, 1, NULL, 1, 200, NULL, '2017-04-23 19:24:39'),
(117, 1, NULL, 1, 200, NULL, '2017-04-23 19:24:39'),
(118, 1, NULL, 9, 200, NULL, '2017-04-23 19:24:39'),
(119, 1, NULL, 9, 200, NULL, '2017-04-23 19:24:39'),
(120, 1, NULL, 9, 200, NULL, '2017-04-23 19:24:39'),
(121, 1, 'hawai120', 2, 200, NULL, '2017-04-23 19:24:39'),
(122, 1, 'wrong124', 2, 404, 'No Product found for this productcode', '2017-04-23 19:24:39'),
(123, 1, NULL, 1, 200, NULL, '2017-04-23 19:28:38'),
(124, 1, NULL, 1, 200, NULL, '2017-04-23 19:28:38'),
(125, 1, NULL, 1, 200, NULL, '2017-04-23 19:28:38'),
(126, 1, NULL, 9, 200, NULL, '2017-04-23 19:28:38'),
(127, 1, NULL, 9, 200, NULL, '2017-04-23 19:28:38'),
(128, 1, NULL, 9, 200, NULL, '2017-04-23 19:28:38'),
(129, 1, 'hawai120', 2, 200, NULL, '2017-04-23 19:28:38'),
(130, 1, 'wrong124', 2, 404, 'No Product found for this productcode', '2017-04-23 19:28:38'),
(131, 1, NULL, 1, 200, NULL, '2017-04-23 19:35:50'),
(132, 1, NULL, 1, 200, NULL, '2017-04-23 19:35:50'),
(133, 1, NULL, 1, 200, NULL, '2017-04-23 19:35:50'),
(134, 1, NULL, 9, 200, NULL, '2017-04-23 19:35:50'),
(135, 1, NULL, 9, 200, NULL, '2017-04-23 19:35:50'),
(136, 1, NULL, 9, 200, NULL, '2017-04-23 19:35:50'),
(137, 1, 'hawai120', 2, 200, NULL, '2017-04-23 19:35:50'),
(138, 1, 'wrong124', 2, 404, 'No Product found for this productcode', '2017-04-23 19:35:50'),
(139, 1, NULL, 1, 200, NULL, '2017-04-23 19:36:33'),
(140, 1, NULL, 1, 200, NULL, '2017-04-23 19:36:34'),
(141, 1, NULL, 1, 200, NULL, '2017-04-23 19:36:34'),
(142, 1, NULL, 9, 200, NULL, '2017-04-23 19:36:34'),
(143, 1, NULL, 9, 200, NULL, '2017-04-23 19:36:34'),
(144, 1, NULL, 9, 200, NULL, '2017-04-23 19:36:34'),
(145, 1, 'hawai120', 2, 200, NULL, '2017-04-23 19:36:34'),
(146, 1, 'wrong124', 2, 404, 'No Product found for this productcode', '2017-04-23 19:36:34'),
(147, 1, NULL, 1, 200, NULL, '2017-04-23 19:58:36'),
(148, 1, NULL, 1, 200, NULL, '2017-04-23 19:58:36'),
(149, 1, NULL, 1, 200, NULL, '2017-04-23 19:58:36'),
(150, 1, NULL, 9, 200, NULL, '2017-04-23 19:58:36'),
(151, 1, NULL, 9, 200, NULL, '2017-04-23 19:58:36'),
(152, 1, NULL, 9, 200, NULL, '2017-04-23 19:58:36'),
(153, 1, 'hawai120', 2, 200, NULL, '2017-04-23 19:58:36'),
(154, 1, 'wrong124', 2, 404, 'No Product found for this productcode', '2017-04-23 19:58:36'),
(155, 1, NULL, 1, 200, NULL, '2017-04-23 19:59:15'),
(156, 1, NULL, 1, 200, NULL, '2017-04-23 19:59:15'),
(157, 1, NULL, 1, 200, NULL, '2017-04-23 19:59:15'),
(158, 1, NULL, 9, 200, NULL, '2017-04-23 19:59:15'),
(159, 1, NULL, 9, 200, NULL, '2017-04-23 19:59:15'),
(160, 1, NULL, 9, 200, NULL, '2017-04-23 19:59:15'),
(161, 1, 'hawai120', 2, 200, NULL, '2017-04-23 19:59:16'),
(162, 1, 'wrong124', 2, 404, 'No Product found for this productcode', '2017-04-23 19:59:16'),
(163, 1, NULL, 1, 200, NULL, '2017-04-23 20:00:46'),
(164, 1, NULL, 1, 200, NULL, '2017-04-23 20:00:46'),
(165, 1, NULL, 1, 200, NULL, '2017-04-23 20:00:46'),
(166, 1, NULL, 9, 200, NULL, '2017-04-23 20:00:46'),
(167, 1, NULL, 9, 200, NULL, '2017-04-23 20:00:46'),
(168, 1, NULL, 9, 200, NULL, '2017-04-23 20:00:46'),
(169, 1, 'hawai120', 2, 200, NULL, '2017-04-23 20:00:46'),
(170, 1, 'wrong124', 2, 404, 'No Product found for this productcode', '2017-04-23 20:00:46'),
(171, 1, NULL, 1, 200, NULL, '2017-04-23 20:04:01'),
(172, 1, NULL, 1, 200, NULL, '2017-04-23 20:04:01'),
(173, 1, NULL, 1, 200, NULL, '2017-04-23 20:04:01'),
(174, 1, NULL, 9, 200, NULL, '2017-04-23 20:04:01'),
(175, 1, NULL, 9, 200, NULL, '2017-04-23 20:04:01'),
(176, 1, NULL, 9, 200, NULL, '2017-04-23 20:04:01'),
(177, 1, 'hawai120', 2, 200, NULL, '2017-04-23 20:04:01'),
(178, 1, 'wrong124', 2, 404, 'No Product found for this productcode', '2017-04-23 20:04:01'),
(179, 1, NULL, 1, 200, NULL, '2017-04-23 20:07:06'),
(180, 1, NULL, 1, 200, NULL, '2017-04-23 20:07:06'),
(181, 1, NULL, 1, 200, NULL, '2017-04-23 20:07:06'),
(182, 1, NULL, 9, 200, NULL, '2017-04-23 20:07:06'),
(183, 1, NULL, 9, 200, NULL, '2017-04-23 20:07:06'),
(184, 1, NULL, 9, 200, NULL, '2017-04-23 20:07:06'),
(185, 1, 'hawai120', 2, 200, NULL, '2017-04-23 20:07:06'),
(186, 1, 'wrong124', 2, 404, 'No Product found for this productcode', '2017-04-23 20:07:06'),
(187, 1, NULL, 1, 200, NULL, '2017-04-23 20:16:12'),
(188, 1, NULL, 1, 200, NULL, '2017-04-23 20:16:12'),
(189, 1, NULL, 1, 200, NULL, '2017-04-23 20:16:12'),
(190, 1, NULL, 9, 200, NULL, '2017-04-23 20:16:12'),
(191, 1, NULL, 9, 200, NULL, '2017-04-23 20:16:12'),
(192, 1, NULL, 9, 200, NULL, '2017-04-23 20:16:12'),
(193, 1, 'hawai120', 2, 200, NULL, '2017-04-23 20:16:12'),
(194, 1, 'wrong124', 2, 404, 'No Product found for this productcode', '2017-04-23 20:16:12'),
(195, 1, NULL, 1, 200, NULL, '2017-04-23 20:19:48'),
(196, 1, NULL, 1, 200, NULL, '2017-04-23 20:19:48'),
(197, 1, NULL, 1, 200, NULL, '2017-04-23 20:19:48'),
(198, 1, NULL, 9, 200, NULL, '2017-04-23 20:19:48'),
(199, 1, NULL, 9, 200, NULL, '2017-04-23 20:19:49'),
(200, 1, NULL, 9, 200, NULL, '2017-04-23 20:19:49'),
(201, 1, 'hawai120', 2, 200, NULL, '2017-04-23 20:19:49'),
(202, 1, 'wrong124', 2, 404, 'No Product found for this productcode', '2017-04-23 20:19:49'),
(203, 1, NULL, 6, 404, NULL, '2017-04-23 20:19:49'),
(204, 1, NULL, 6, 404, NULL, '2017-04-23 20:19:49'),
(205, 1, NULL, 1, 200, NULL, '2017-04-23 20:20:56'),
(206, 1, NULL, 1, 200, NULL, '2017-04-23 20:20:56'),
(207, 1, NULL, 1, 200, NULL, '2017-04-23 20:20:56'),
(208, 1, NULL, 9, 200, NULL, '2017-04-23 20:20:56'),
(209, 1, NULL, 9, 200, NULL, '2017-04-23 20:20:56'),
(210, 1, NULL, 9, 200, NULL, '2017-04-23 20:20:56'),
(211, 1, 'hawai120', 2, 200, NULL, '2017-04-23 20:20:56'),
(212, 1, 'wrong124', 2, 404, 'No Product found for this productcode', '2017-04-23 20:20:56'),
(213, 1, NULL, 6, 404, NULL, '2017-04-23 20:20:56'),
(214, 1, NULL, 6, 200, NULL, '2017-04-23 20:20:56'),
(215, 1, NULL, 1, 200, NULL, '2017-04-23 20:25:42'),
(216, 1, NULL, 1, 200, NULL, '2017-04-23 20:25:42'),
(217, 1, NULL, 1, 200, NULL, '2017-04-23 20:25:42'),
(218, 1, NULL, 9, 200, NULL, '2017-04-23 20:25:42'),
(219, 1, NULL, 9, 200, NULL, '2017-04-23 20:25:42'),
(220, 1, NULL, 9, 200, NULL, '2017-04-23 20:25:42'),
(221, 1, 'hawai120', 2, 200, NULL, '2017-04-23 20:25:42'),
(222, 1, 'wrong124', 2, 404, 'No Product found for this productcode', '2017-04-23 20:25:43'),
(223, 1, NULL, 6, 404, NULL, '2017-04-23 20:25:43'),
(224, 1, NULL, 6, 200, NULL, '2017-04-23 20:25:43'),
(225, 1, NULL, 1, 200, NULL, '2017-04-23 21:27:11'),
(226, 1, NULL, 1, 200, NULL, '2017-04-23 21:27:11'),
(227, 1, NULL, 1, 200, NULL, '2017-04-23 21:27:11'),
(228, 1, NULL, 9, 200, NULL, '2017-04-23 21:27:11'),
(229, 1, NULL, 9, 200, NULL, '2017-04-23 21:27:11'),
(230, 1, NULL, 9, 200, NULL, '2017-04-23 21:27:11'),
(231, 1, 'hawai120', 2, 200, NULL, '2017-04-23 21:27:11'),
(232, 1, 'wrong124', 2, 404, 'No Product found for this productcode', '2017-04-23 21:27:11'),
(233, 1, NULL, 6, 404, NULL, '2017-04-23 21:27:11'),
(234, 1, NULL, 6, 200, NULL, '2017-04-23 21:27:11'),
(235, 1, NULL, 1, 200, NULL, '2017-04-23 21:32:33'),
(236, 1, NULL, 1, 200, NULL, '2017-04-23 21:32:33'),
(237, 1, NULL, 1, 200, NULL, '2017-04-23 21:32:33'),
(238, 1, NULL, 9, 200, NULL, '2017-04-23 21:32:33'),
(239, 1, NULL, 9, 200, NULL, '2017-04-23 21:32:33'),
(240, 1, NULL, 9, 200, NULL, '2017-04-23 21:32:33'),
(241, 1, 'hawai120', 2, 200, NULL, '2017-04-23 21:32:33'),
(242, 1, 'wrong124', 2, 404, 'No Product found for this productcode', '2017-04-23 21:32:33'),
(243, 1, NULL, 6, 404, NULL, '2017-04-23 21:32:33'),
(244, 1, NULL, 6, 200, NULL, '2017-04-23 21:32:33'),
(245, 1, NULL, 1, 200, NULL, '2017-04-23 21:34:52'),
(246, 1, NULL, 1, 200, NULL, '2017-04-23 21:34:52'),
(247, 1, NULL, 1, 200, NULL, '2017-04-23 21:34:52'),
(248, 1, NULL, 9, 200, NULL, '2017-04-23 21:34:52'),
(249, 1, NULL, 9, 200, NULL, '2017-04-23 21:34:52'),
(250, 1, NULL, 9, 200, NULL, '2017-04-23 21:34:52'),
(251, 1, 'hawai120', 2, 200, NULL, '2017-04-23 21:34:52'),
(252, 1, 'wrong124', 2, 404, 'No Product found for this productcode', '2017-04-23 21:34:52'),
(253, 1, NULL, 6, 404, NULL, '2017-04-23 21:34:52'),
(254, 1, NULL, 6, 200, NULL, '2017-04-23 21:34:52'),
(255, 1, NULL, 1, 200, NULL, '2017-04-25 06:57:38'),
(256, 1, NULL, 1, 200, NULL, '2017-04-25 06:57:38'),
(257, 1, NULL, 1, 200, NULL, '2017-04-25 06:57:38'),
(258, 1, NULL, 9, 200, NULL, '2017-04-25 06:57:38'),
(259, 1, NULL, 9, 200, NULL, '2017-04-25 06:57:38'),
(260, 1, NULL, 9, 200, NULL, '2017-04-25 06:57:38'),
(261, 1, 'hawai120', 2, 200, NULL, '2017-04-25 06:57:38'),
(262, 1, 'wrong124', 2, 404, 'No Product found for this productcode', '2017-04-25 06:57:38'),
(263, 1, NULL, 6, 404, NULL, '2017-04-25 06:57:38'),
(264, 1, NULL, 6, 200, NULL, '2017-04-25 06:57:38'),
(265, 1, NULL, 1, 200, NULL, '2017-04-25 07:10:49'),
(266, 1, NULL, 1, 200, NULL, '2017-04-25 07:10:49'),
(267, 1, NULL, 1, 200, NULL, '2017-04-25 07:10:49'),
(268, 1, NULL, 9, 200, NULL, '2017-04-25 07:10:49'),
(269, 1, NULL, 9, 200, NULL, '2017-04-25 07:10:49'),
(270, 1, NULL, 9, 200, NULL, '2017-04-25 07:10:49'),
(271, 1, 'hawai120', 2, 200, NULL, '2017-04-25 07:10:49'),
(272, 1, 'wrong124', 2, 404, 'No Product found for this productcode', '2017-04-25 07:10:49'),
(273, 1, NULL, 6, 404, NULL, '2017-04-25 07:10:49'),
(274, 1, NULL, 6, 200, NULL, '2017-04-25 07:10:49'),
(275, 1, NULL, 1, 200, NULL, '2017-04-25 07:11:37'),
(276, 1, NULL, 1, 200, NULL, '2017-04-25 07:11:37'),
(277, 1, NULL, 1, 200, NULL, '2017-04-25 07:11:37'),
(278, 1, NULL, 9, 200, NULL, '2017-04-25 07:11:37'),
(279, 1, NULL, 9, 200, NULL, '2017-04-25 07:11:37'),
(280, 1, NULL, 9, 200, NULL, '2017-04-25 07:11:37'),
(281, 1, 'hawai120', 2, 200, NULL, '2017-04-25 07:11:37'),
(282, 1, 'wrong124', 2, 404, 'No Product found for this productcode', '2017-04-25 07:11:37'),
(283, 1, NULL, 6, 404, NULL, '2017-04-25 07:11:37'),
(284, 1, NULL, 6, 200, NULL, '2017-04-25 07:11:37'),
(285, 1, 'title123', 4, 200, NULL, '2017-04-25 07:35:34'),
(286, 1, 'title123', 4, 200, 'Product code already exists', '2017-04-25 08:13:12'),
(287, 1, 'title123', 4, 200, 'Product code already exists', '2017-04-25 08:14:40'),
(288, 1, 'title123', 4, 200, NULL, '2017-04-25 08:16:39'),
(289, 1, 'title123', 4, 200, NULL, '2017-04-25 08:28:43'),
(290, 1, 'title123', 4, 200, 'Product code already exists', '2017-04-25 08:30:10'),
(291, 1, 'title123', 4, 200, NULL, '2017-04-25 08:31:47'),
(292, 1, 'title123', 4, 200, NULL, '2017-04-25 08:32:53'),
(293, 1, 'title123', 4, 200, NULL, '2017-04-25 08:34:18'),
(294, 1, 'title123', 4, 200, NULL, '2017-04-25 08:34:53'),
(295, 1, 'title123', 4, 200, NULL, '2017-04-25 08:35:36'),
(296, 1, 'title123', 4, 200, 'Product code already exists', '2017-04-25 08:47:41'),
(297, 1, 'title123', 4, 200, NULL, '2017-04-25 08:49:59'),
(298, 1, 'title123', 4, 200, NULL, '2017-04-25 08:50:31'),
(299, 1, 'title123', 4, 200, NULL, '2017-04-25 09:12:01'),
(300, 1, 'title123', 4, 200, NULL, '2017-04-25 09:29:31'),
(301, 1, 'title123', 4, 200, 'Product code already exists', '2017-04-25 09:29:31'),
(302, 1, NULL, 1, 200, NULL, '2017-04-25 09:31:35'),
(303, 1, NULL, 1, 200, NULL, '2017-04-25 09:31:35'),
(304, 1, NULL, 1, 200, NULL, '2017-04-25 09:31:35'),
(305, 1, NULL, 9, 200, NULL, '2017-04-25 09:31:35'),
(306, 1, NULL, 9, 200, NULL, '2017-04-25 09:31:35'),
(307, 1, NULL, 9, 200, NULL, '2017-04-25 09:31:35'),
(308, 1, 'hawai120', 2, 200, NULL, '2017-04-25 09:31:35'),
(309, 1, 'wrong124', 2, 404, 'No Product found for this productcode', '2017-04-25 09:31:35'),
(310, 1, NULL, 6, 404, NULL, '2017-04-25 09:31:35'),
(311, 1, NULL, 6, 200, NULL, '2017-04-25 09:31:35'),
(312, 1, 'title123', 4, 200, NULL, '2017-04-25 09:31:45'),
(313, 1, 'title123', 4, 200, 'Product code already exists', '2017-04-25 09:31:45'),
(314, 1, NULL, 1, 200, NULL, '2017-04-25 09:32:57'),
(315, 1, NULL, 1, 200, NULL, '2017-04-25 09:32:57'),
(316, 1, NULL, 1, 200, NULL, '2017-04-25 09:32:57'),
(317, 1, NULL, 9, 200, NULL, '2017-04-25 09:32:57'),
(318, 1, NULL, 9, 200, NULL, '2017-04-25 09:32:57'),
(319, 1, NULL, 9, 200, NULL, '2017-04-25 09:32:57'),
(320, 1, 'hawai120', 2, 200, NULL, '2017-04-25 09:32:57'),
(321, 1, 'wrong124', 2, 404, 'No Product found for this productcode', '2017-04-25 09:32:57'),
(322, 1, NULL, 6, 404, NULL, '2017-04-25 09:32:57'),
(323, 1, NULL, 6, 200, NULL, '2017-04-25 09:32:57'),
(324, 1, 'title123', 4, 200, NULL, '2017-04-25 09:32:57'),
(325, 1, 'title123', 4, 200, 'Product code already exists', '2017-04-25 09:32:57'),
(326, 1, NULL, 1, 200, NULL, '2017-04-25 10:31:14'),
(327, 1, NULL, 1, 200, NULL, '2017-04-25 10:31:14'),
(328, 1, NULL, 1, 200, NULL, '2017-04-25 10:31:14'),
(329, 1, NULL, 9, 200, NULL, '2017-04-25 10:31:14'),
(330, 1, NULL, 9, 200, NULL, '2017-04-25 10:31:14'),
(331, 1, NULL, 9, 200, NULL, '2017-04-25 10:31:14'),
(332, 1, 'hawai120', 2, 200, NULL, '2017-04-25 10:31:14'),
(333, 1, 'wrong124', 2, 404, 'No Product found for this productcode', '2017-04-25 10:31:14'),
(334, 1, NULL, 6, 404, NULL, '2017-04-25 10:31:15'),
(335, 1, NULL, 6, 200, NULL, '2017-04-25 10:31:15'),
(336, 1, 'title123', 4, 200, NULL, '2017-04-25 10:31:15'),
(337, 1, 'title123', 4, 200, 'Product code already exists', '2017-04-25 10:31:15'),
(338, 1, NULL, 1, 200, NULL, '2017-04-25 10:32:12'),
(339, 1, NULL, 1, 200, NULL, '2017-04-25 10:32:12'),
(340, 1, NULL, 1, 200, NULL, '2017-04-25 10:32:12'),
(341, 1, NULL, 9, 200, NULL, '2017-04-25 10:32:12'),
(342, 1, NULL, 9, 200, NULL, '2017-04-25 10:32:12'),
(343, 1, NULL, 9, 200, NULL, '2017-04-25 10:32:12'),
(344, 1, 'hawai120', 2, 200, NULL, '2017-04-25 10:32:13'),
(345, 1, 'wrong124', 2, 404, 'No Product found for this productcode', '2017-04-25 10:32:13'),
(346, 1, NULL, 6, 404, NULL, '2017-04-25 10:32:13'),
(347, 1, NULL, 6, 200, NULL, '2017-04-25 10:32:13'),
(348, 1, 'title123', 4, 200, NULL, '2017-04-25 10:32:13'),
(349, 1, 'title123', 4, 200, 'Product code already exists', '2017-04-25 10:32:13'),
(350, 1, NULL, 1, 200, NULL, '2017-04-25 10:39:22'),
(351, 1, NULL, 1, 200, NULL, '2017-04-25 10:39:22'),
(352, 1, NULL, 1, 200, NULL, '2017-04-25 10:39:22'),
(353, 1, NULL, 9, 200, NULL, '2017-04-25 10:39:22'),
(354, 1, NULL, 9, 200, NULL, '2017-04-25 10:39:22'),
(355, 1, NULL, 9, 200, NULL, '2017-04-25 10:39:22'),
(356, 1, 'hawai120', 2, 200, NULL, '2017-04-25 10:39:22'),
(357, 1, 'wrong124', 2, 404, 'No Product found for this productcode', '2017-04-25 10:39:22'),
(358, 1, NULL, 6, 404, NULL, '2017-04-25 10:39:22'),
(359, 1, NULL, 6, 200, NULL, '2017-04-25 10:39:22'),
(360, 1, 'title123', 4, 200, NULL, '2017-04-25 10:39:22'),
(361, 1, 'title123', 4, 200, 'Product code already exists', '2017-04-25 10:39:22'),
(362, 1, NULL, 1, 200, NULL, '2017-04-25 10:40:33'),
(363, 1, NULL, 1, 200, NULL, '2017-04-25 10:40:33'),
(364, 1, NULL, 1, 200, NULL, '2017-04-25 10:40:33'),
(365, 1, NULL, 9, 200, NULL, '2017-04-25 10:40:33'),
(366, 1, NULL, 9, 200, NULL, '2017-04-25 10:40:33'),
(367, 1, NULL, 9, 200, NULL, '2017-04-25 10:40:33'),
(368, 1, 'hawai120', 2, 200, NULL, '2017-04-25 10:40:33'),
(369, 1, 'wrong124', 2, 404, 'No Product found for this productcode', '2017-04-25 10:40:33'),
(370, 1, NULL, 6, 404, NULL, '2017-04-25 10:40:33'),
(371, 1, NULL, 6, 200, NULL, '2017-04-25 10:40:33'),
(372, 1, 'title123', 4, 200, NULL, '2017-04-25 10:40:33'),
(373, 1, 'title123', 4, 200, 'Product code already exists', '2017-04-25 10:40:33'),
(374, 1, 'title123', 7, 200, NULL, '2017-04-25 11:00:09'),
(375, 1, NULL, 1, 200, NULL, '2017-04-25 11:11:03'),
(376, 1, NULL, 1, 200, NULL, '2017-04-25 11:11:03'),
(377, 1, NULL, 1, 200, NULL, '2017-04-25 11:11:03'),
(378, 1, NULL, 9, 200, NULL, '2017-04-25 11:11:03'),
(379, 1, NULL, 9, 200, NULL, '2017-04-25 11:11:03'),
(380, 1, NULL, 9, 200, NULL, '2017-04-25 11:11:03'),
(381, 1, 'hawai120', 2, 200, NULL, '2017-04-25 11:11:03'),
(382, 1, 'wrong124', 2, 404, 'No Product found for this productcode', '2017-04-25 11:11:03'),
(383, 1, NULL, 6, 404, NULL, '2017-04-25 11:11:03'),
(384, 1, NULL, 6, 200, NULL, '2017-04-25 11:11:03'),
(385, 1, 'title123', 4, 200, NULL, '2017-04-25 11:11:03'),
(386, 1, 'title123', 4, 200, 'Product code already exists', '2017-04-25 11:11:03'),
(387, 1, 'title123', 7, 200, NULL, '2017-04-25 11:11:03'),
(388, 1, 'title123', 7, 200, NULL, '2017-04-25 11:11:03'),
(389, 1, NULL, 1, 200, NULL, '2017-04-25 11:12:08'),
(390, 1, NULL, 1, 200, NULL, '2017-04-25 11:12:08'),
(391, 1, NULL, 1, 200, NULL, '2017-04-25 11:12:08'),
(392, 1, NULL, 9, 200, NULL, '2017-04-25 11:12:08'),
(393, 1, NULL, 9, 200, NULL, '2017-04-25 11:12:08'),
(394, 1, NULL, 9, 200, NULL, '2017-04-25 11:12:08'),
(395, 1, 'hawai120', 2, 200, NULL, '2017-04-25 11:12:08'),
(396, 1, 'wrong124', 2, 404, 'No Product found for this productcode', '2017-04-25 11:12:08'),
(397, 1, NULL, 6, 404, NULL, '2017-04-25 11:12:08'),
(398, 1, NULL, 6, 200, NULL, '2017-04-25 11:12:08'),
(399, 1, 'title123', 4, 200, NULL, '2017-04-25 11:12:08'),
(400, 1, 'title123', 4, 200, 'Product code already exists', '2017-04-25 11:12:08'),
(401, 1, 'title123', 7, 200, NULL, '2017-04-25 11:12:08'),
(402, 1, NULL, 1, 200, NULL, '2017-04-25 11:12:29'),
(403, 1, NULL, 1, 200, NULL, '2017-04-25 11:12:29'),
(404, 1, NULL, 1, 200, NULL, '2017-04-25 11:12:29'),
(405, 1, NULL, 9, 200, NULL, '2017-04-25 11:12:29'),
(406, 1, NULL, 9, 200, NULL, '2017-04-25 11:12:29'),
(407, 1, NULL, 9, 200, NULL, '2017-04-25 11:12:29'),
(408, 1, 'hawai120', 2, 200, NULL, '2017-04-25 11:12:29'),
(409, 1, 'wrong124', 2, 404, 'No Product found for this productcode', '2017-04-25 11:12:29'),
(410, 1, NULL, 6, 404, NULL, '2017-04-25 11:12:29'),
(411, 1, NULL, 6, 200, NULL, '2017-04-25 11:12:29'),
(412, 1, 'title123', 4, 200, NULL, '2017-04-25 11:12:29'),
(413, 1, 'title123', 4, 200, 'Product code already exists', '2017-04-25 11:12:29'),
(414, 1, 'title123', 7, 200, NULL, '2017-04-25 11:12:29'),
(415, 1, 'title123', 3, 200, NULL, '2017-04-25 11:12:29'),
(416, 1, NULL, 1, 200, NULL, '2017-04-25 11:32:39'),
(417, 1, NULL, 1, 200, NULL, '2017-04-25 11:32:39'),
(418, 1, NULL, 1, 200, NULL, '2017-04-25 11:32:39'),
(419, 1, NULL, 9, 200, NULL, '2017-04-25 11:32:39'),
(420, 1, NULL, 9, 200, NULL, '2017-04-25 11:32:39'),
(421, 1, NULL, 9, 200, NULL, '2017-04-25 11:32:39'),
(422, 1, 'hawai120', 2, 200, NULL, '2017-04-25 11:32:39'),
(423, 1, 'wrong124', 2, 404, 'No Product found for this productcode', '2017-04-25 11:32:39'),
(424, 1, NULL, 6, 404, NULL, '2017-04-25 11:32:39'),
(425, 1, NULL, 6, 200, NULL, '2017-04-25 11:32:40'),
(426, 1, 'title123', 4, 200, NULL, '2017-04-25 11:32:40'),
(427, 1, 'title123', 4, 200, 'Product code already exists', '2017-04-25 11:32:40'),
(428, 1, 'title123', 7, 200, NULL, '2017-04-25 11:32:40'),
(429, 1, 'title123', 3, 200, NULL, '2017-04-25 11:32:40'),
(430, 1, 'title123', 8, 200, NULL, '2017-04-25 11:32:40'),
(431, 1, NULL, 1, 200, NULL, '2017-04-25 11:34:39'),
(432, 1, NULL, 1, 200, NULL, '2017-04-25 11:34:39'),
(433, 1, NULL, 1, 200, NULL, '2017-04-25 11:34:39'),
(434, 1, NULL, 9, 200, NULL, '2017-04-25 11:34:39'),
(435, 1, NULL, 9, 200, NULL, '2017-04-25 11:34:39'),
(436, 1, NULL, 9, 200, NULL, '2017-04-25 11:34:39'),
(437, 1, 'hawai120', 2, 200, NULL, '2017-04-25 11:34:39'),
(438, 1, 'wrong124', 2, 404, 'No Product found for this productcode', '2017-04-25 11:34:39'),
(439, 1, NULL, 6, 404, NULL, '2017-04-25 11:34:39'),
(440, 1, NULL, 6, 200, NULL, '2017-04-25 11:34:39'),
(441, 1, 'title123', 4, 200, NULL, '2017-04-25 11:34:40'),
(442, 1, 'title123', 4, 200, 'Product code already exists', '2017-04-25 11:34:40'),
(443, 1, 'title123', 7, 200, NULL, '2017-04-25 11:34:40'),
(444, 1, 'title123', 3, 200, NULL, '2017-04-25 11:34:40'),
(445, 1, 'title123', 8, 200, NULL, '2017-04-25 11:34:40'),
(446, 1, NULL, 1, 200, NULL, '2017-04-25 11:38:02'),
(447, 1, NULL, 1, 200, NULL, '2017-04-25 11:38:02'),
(448, 1, NULL, 1, 200, NULL, '2017-04-25 11:38:02'),
(449, 1, NULL, 9, 200, NULL, '2017-04-25 11:38:02'),
(450, 1, NULL, 9, 200, NULL, '2017-04-25 11:38:02'),
(451, 1, NULL, 9, 200, NULL, '2017-04-25 11:38:02'),
(452, 1, 'hawai120', 2, 200, NULL, '2017-04-25 11:38:02'),
(453, 1, 'wrong124', 2, 404, 'No Product found for this productcode', '2017-04-25 11:38:02'),
(454, 1, NULL, 6, 404, NULL, '2017-04-25 11:38:02'),
(455, 1, NULL, 6, 200, NULL, '2017-04-25 11:38:02'),
(456, 1, 'title123', 4, 200, NULL, '2017-04-25 11:38:02'),
(457, 1, 'title123', 4, 200, 'Product code already exists', '2017-04-25 11:38:02'),
(458, 1, 'title123', 7, 200, NULL, '2017-04-25 11:38:02'),
(459, 1, 'title123', 3, 200, NULL, '2017-04-25 11:38:02'),
(460, 1, 'title123', 8, 200, NULL, '2017-04-25 11:38:02'),
(461, 1, 'title123', 8, 200, NULL, '2017-04-25 11:38:03'),
(462, 1, NULL, 1, 200, NULL, '2017-04-25 12:22:39'),
(463, 1, NULL, 1, 200, NULL, '2017-04-25 12:22:39'),
(464, 1, NULL, 1, 200, NULL, '2017-04-25 12:22:39'),
(465, 1, NULL, 9, 200, NULL, '2017-04-25 12:22:39'),
(466, 1, NULL, 9, 200, NULL, '2017-04-25 12:22:39'),
(467, 1, NULL, 9, 200, NULL, '2017-04-25 12:22:39'),
(468, 1, 'hawai120', 2, 200, NULL, '2017-04-25 12:22:39'),
(469, 1, 'wrong124', 2, 404, 'No Product found for this productcode', '2017-04-25 12:22:39'),
(470, 1, NULL, 6, 404, NULL, '2017-04-25 12:22:39'),
(471, 1, NULL, 6, 200, NULL, '2017-04-25 12:22:39'),
(472, 1, 'title123', 4, 200, NULL, '2017-04-25 12:22:39'),
(473, 1, 'title123', 4, 200, 'Product code already exists', '2017-04-25 12:22:40'),
(474, 1, 'title123', 7, 200, NULL, '2017-04-25 12:22:40'),
(475, 1, 'title123', 3, 200, NULL, '2017-04-25 12:22:40'),
(476, 1, 'title123', 8, 200, NULL, '2017-04-25 12:22:40'),
(477, 1, 'title123', 8, 200, NULL, '2017-04-25 12:22:40'),
(478, 1, 'title123', 5, 200, NULL, '2017-04-25 12:22:40'),
(479, 1, 'title123', 5, 200, NULL, '2017-04-25 12:22:40'),
(480, 1, NULL, 1, 200, NULL, '2017-04-25 12:26:32'),
(481, 1, NULL, 1, 200, NULL, '2017-04-25 12:26:32'),
(482, 1, NULL, 1, 200, NULL, '2017-04-25 12:26:32'),
(483, 1, NULL, 9, 200, NULL, '2017-04-25 12:26:32'),
(484, 1, NULL, 9, 200, NULL, '2017-04-25 12:26:32'),
(485, 1, NULL, 9, 200, NULL, '2017-04-25 12:26:32'),
(486, 1, 'hawai120', 2, 200, NULL, '2017-04-25 12:26:32'),
(487, 1, 'wrong124', 2, 404, 'No Product found for this productcode', '2017-04-25 12:26:32'),
(488, 1, NULL, 6, 404, NULL, '2017-04-25 12:26:32'),
(489, 1, NULL, 6, 200, NULL, '2017-04-25 12:26:32'),
(490, 1, 'title123', 4, 200, NULL, '2017-04-25 12:26:32'),
(491, 1, 'title123', 4, 200, 'Product code already exists', '2017-04-25 12:26:32'),
(492, 1, 'title123', 7, 200, NULL, '2017-04-25 12:26:32'),
(493, 1, 'title123', 3, 200, NULL, '2017-04-25 12:26:33'),
(494, 1, 'title123', 8, 200, NULL, '2017-04-25 12:26:33'),
(495, 1, 'title123', 8, 200, NULL, '2017-04-25 12:26:33'),
(496, 1, 'title123', 5, 200, NULL, '2017-04-25 12:26:33'),
(497, 1, 'title123', 5, 200, NULL, '2017-04-25 12:26:33'),
(498, 1, NULL, 1, 200, NULL, '2017-04-25 12:30:15'),
(499, 1, NULL, 1, 200, NULL, '2017-04-25 12:30:15'),
(500, 1, NULL, 1, 200, NULL, '2017-04-25 12:30:15'),
(501, 1, NULL, 9, 200, NULL, '2017-04-25 12:30:15'),
(502, 1, NULL, 9, 200, NULL, '2017-04-25 12:30:15'),
(503, 1, NULL, 9, 200, NULL, '2017-04-25 12:30:16'),
(504, 1, 'hawai120', 2, 200, NULL, '2017-04-25 12:30:16'),
(505, 1, 'wrong124', 2, 404, 'No Product found for this productcode', '2017-04-25 12:30:16'),
(506, 1, NULL, 6, 404, NULL, '2017-04-25 12:30:16'),
(507, 1, NULL, 6, 200, NULL, '2017-04-25 12:30:16'),
(508, 1, 'title123', 4, 200, NULL, '2017-04-25 12:30:16'),
(509, 1, 'title123', 4, 200, 'Product code already exists', '2017-04-25 12:30:16'),
(510, 1, 'title123', 7, 200, NULL, '2017-04-25 12:30:16'),
(511, 1, 'title123', 3, 200, NULL, '2017-04-25 12:30:16'),
(512, 1, 'title123', 8, 200, NULL, '2017-04-25 12:30:16'),
(513, 1, 'title123', 8, 200, NULL, '2017-04-25 12:30:16'),
(514, 1, 'title123', 5, 200, NULL, '2017-04-25 12:30:16'),
(515, 1, 'title123', 5, 200, NULL, '2017-04-25 12:30:16'),
(516, 1, NULL, 1, 200, NULL, '2017-04-25 12:40:56'),
(517, 1, NULL, 1, 200, NULL, '2017-04-25 12:40:56'),
(518, 1, NULL, 1, 200, NULL, '2017-04-25 12:40:56'),
(519, 1, NULL, 9, 200, NULL, '2017-04-25 12:40:56'),
(520, 1, NULL, 9, 200, NULL, '2017-04-25 12:40:56'),
(521, 1, NULL, 9, 200, NULL, '2017-04-25 12:40:56'),
(522, 1, 'hawai120', 2, 200, NULL, '2017-04-25 12:40:56'),
(523, 1, 'wrong124', 2, 404, 'No Product found for this productcode', '2017-04-25 12:40:56'),
(524, 1, NULL, 6, 404, NULL, '2017-04-25 12:40:56'),
(525, 1, NULL, 6, 200, NULL, '2017-04-25 12:40:56'),
(526, 1, 'title123', 4, 200, NULL, '2017-04-25 12:40:56'),
(527, 1, 'title123', 4, 200, 'Product code already exists', '2017-04-25 12:40:56'),
(528, 1, 'title123', 7, 200, NULL, '2017-04-25 12:40:56'),
(529, 1, 'title123', 3, 200, NULL, '2017-04-25 12:40:56'),
(530, 1, 'title123', 8, 200, NULL, '2017-04-25 12:40:57'),
(531, 1, 'title123', 5, 200, NULL, '2017-04-25 12:40:57'),
(532, 1, 'title123', 5, 200, NULL, '2017-04-25 12:40:57'),
(533, 1, NULL, 1, 200, NULL, '2017-04-25 12:41:50'),
(534, 1, NULL, 1, 200, NULL, '2017-04-25 12:41:50'),
(535, 1, NULL, 1, 200, NULL, '2017-04-25 12:41:50'),
(536, 1, NULL, 9, 200, NULL, '2017-04-25 12:41:50'),
(537, 1, NULL, 9, 200, NULL, '2017-04-25 12:41:50'),
(538, 1, NULL, 9, 200, NULL, '2017-04-25 12:41:50'),
(539, 1, 'hawai120', 2, 200, NULL, '2017-04-25 12:41:50'),
(540, 1, 'wrong124', 2, 404, 'No Product found for this productcode', '2017-04-25 12:41:50'),
(541, 1, NULL, 6, 404, NULL, '2017-04-25 12:41:51'),
(542, 1, NULL, 6, 200, NULL, '2017-04-25 12:41:51'),
(543, 1, 'title123', 4, 200, NULL, '2017-04-25 12:41:51'),
(544, 1, 'title123', 4, 200, 'Product code already exists', '2017-04-25 12:41:51'),
(545, 1, 'title123', 7, 200, NULL, '2017-04-25 12:41:51'),
(546, 1, 'title123', 3, 200, NULL, '2017-04-25 12:41:51'),
(547, 1, 'title123', 8, 200, NULL, '2017-04-25 12:41:51'),
(548, 1, 'title123', 5, 200, NULL, '2017-04-25 12:41:51'),
(549, 1, 'title123', 5, 200, NULL, '2017-04-25 12:41:51'),
(550, 1, NULL, 1, 200, NULL, '2017-04-25 12:42:17'),
(551, 1, NULL, 1, 200, NULL, '2017-04-25 12:42:17'),
(552, 1, NULL, 1, 200, NULL, '2017-04-25 12:42:17'),
(553, 1, NULL, 9, 200, NULL, '2017-04-25 12:42:17'),
(554, 1, NULL, 9, 200, NULL, '2017-04-25 12:42:17'),
(555, 1, NULL, 9, 200, NULL, '2017-04-25 12:42:17'),
(556, 1, 'hawai120', 2, 200, NULL, '2017-04-25 12:42:17'),
(557, 1, 'wrong124', 2, 404, 'No Product found for this productcode', '2017-04-25 12:42:17'),
(558, 1, NULL, 6, 404, NULL, '2017-04-25 12:42:17'),
(559, 1, NULL, 6, 200, NULL, '2017-04-25 12:42:17'),
(560, 1, 'title123', 4, 200, NULL, '2017-04-25 12:42:17'),
(561, 1, 'title123', 4, 200, 'Product code already exists', '2017-04-25 12:42:17'),
(562, 1, 'title123', 7, 200, NULL, '2017-04-25 12:42:17'),
(563, 1, 'title123', 3, 200, NULL, '2017-04-25 12:42:17'),
(564, 1, 'title123', 8, 200, NULL, '2017-04-25 12:42:18'),
(565, 1, 'title123', 5, 200, NULL, '2017-04-25 12:42:18'),
(566, 1, 'title123', 5, 200, NULL, '2017-04-25 12:42:18'),
(567, 1, NULL, 1, 200, NULL, '2017-04-25 12:42:34'),
(568, 1, NULL, 1, 200, NULL, '2017-04-25 12:42:34'),
(569, 1, NULL, 1, 200, NULL, '2017-04-25 12:42:34'),
(570, 1, NULL, 9, 200, NULL, '2017-04-25 12:42:34'),
(571, 1, NULL, 9, 200, NULL, '2017-04-25 12:42:34'),
(572, 1, NULL, 9, 200, NULL, '2017-04-25 12:42:34'),
(573, 1, 'hawai120', 2, 200, NULL, '2017-04-25 12:42:34'),
(574, 1, 'wrong124', 2, 404, 'No Product found for this productcode', '2017-04-25 12:42:34'),
(575, 1, NULL, 6, 404, NULL, '2017-04-25 12:42:35'),
(576, 1, NULL, 6, 200, NULL, '2017-04-25 12:42:35'),
(577, 1, 'title123', 4, 200, NULL, '2017-04-25 12:42:35'),
(578, 1, 'title123', 4, 200, 'Product code already exists', '2017-04-25 12:42:35'),
(579, 1, 'title123', 7, 200, NULL, '2017-04-25 12:42:35'),
(580, 1, 'title123', 3, 200, NULL, '2017-04-25 12:42:35'),
(581, 1, 'title123', 8, 200, NULL, '2017-04-25 12:42:35'),
(582, 1, 'title123', 5, 200, NULL, '2017-04-25 12:42:35'),
(583, 1, 'title123', 5, 200, NULL, '2017-04-25 12:42:35'),
(584, 1, NULL, 1, 200, NULL, '2017-04-25 12:43:11'),
(585, 1, NULL, 1, 200, NULL, '2017-04-25 12:43:11'),
(586, 1, NULL, 1, 200, NULL, '2017-04-25 12:43:11'),
(587, 1, NULL, 9, 200, NULL, '2017-04-25 12:43:11'),
(588, 1, NULL, 9, 200, NULL, '2017-04-25 12:43:11'),
(589, 1, NULL, 9, 200, NULL, '2017-04-25 12:43:11'),
(590, 1, 'hawai120', 2, 200, NULL, '2017-04-25 12:43:11'),
(591, 1, 'wrong124', 2, 404, 'No Product found for this productcode', '2017-04-25 12:43:11'),
(592, 1, NULL, 6, 404, NULL, '2017-04-25 12:43:12'),
(593, 1, NULL, 6, 200, NULL, '2017-04-25 12:43:12'),
(594, 1, 'title123', 4, 200, NULL, '2017-04-25 12:43:12'),
(595, 1, 'title123', 4, 200, 'Product code already exists', '2017-04-25 12:43:12'),
(596, 1, 'title123', 7, 200, NULL, '2017-04-25 12:43:12'),
(597, 1, 'title123', 3, 200, NULL, '2017-04-25 12:43:12'),
(598, 1, 'title123', 8, 200, NULL, '2017-04-25 12:43:12'),
(599, 1, 'title123', 5, 200, NULL, '2017-04-25 12:43:12'),
(600, 1, 'title123', 5, 200, NULL, '2017-04-25 12:43:12'),
(601, 1, NULL, 1, 200, NULL, '2017-04-25 12:43:51'),
(602, 1, NULL, 1, 200, NULL, '2017-04-25 12:43:51'),
(603, 1, NULL, 1, 200, NULL, '2017-04-25 12:43:51'),
(604, 1, NULL, 9, 200, NULL, '2017-04-25 12:43:51'),
(605, 1, NULL, 9, 200, NULL, '2017-04-25 12:43:51'),
(606, 1, NULL, 9, 200, NULL, '2017-04-25 12:43:51'),
(607, 1, 'hawai120', 2, 200, NULL, '2017-04-25 12:43:51'),
(608, 1, 'wrong124', 2, 404, 'No Product found for this productcode', '2017-04-25 12:43:52'),
(609, 1, NULL, 6, 404, NULL, '2017-04-25 12:43:52'),
(610, 1, NULL, 6, 200, NULL, '2017-04-25 12:43:52'),
(611, 1, 'title123', 4, 200, NULL, '2017-04-25 12:43:52'),
(612, 1, 'title123', 4, 200, 'Product code already exists', '2017-04-25 12:43:52'),
(613, 1, 'title123', 7, 200, NULL, '2017-04-25 12:43:52'),
(614, 1, 'title123', 3, 200, NULL, '2017-04-25 12:43:52'),
(615, 1, 'title123', 8, 200, NULL, '2017-04-25 12:43:52'),
(616, 1, 'title123', 5, 200, NULL, '2017-04-25 12:43:52'),
(617, 1, 'title123', 5, 200, NULL, '2017-04-25 12:43:52'),
(618, 1, NULL, 1, 200, NULL, '2017-04-25 12:45:31'),
(619, 1, NULL, 1, 200, NULL, '2017-04-25 12:45:31'),
(620, 1, NULL, 1, 200, NULL, '2017-04-25 12:45:31'),
(621, 1, NULL, 9, 200, NULL, '2017-04-25 12:45:31'),
(622, 1, NULL, 9, 200, NULL, '2017-04-25 12:45:31'),
(623, 1, NULL, 9, 200, NULL, '2017-04-25 12:45:32'),
(624, 1, 'hawai120', 2, 200, NULL, '2017-04-25 12:45:32'),
(625, 1, 'wrong124', 2, 404, 'No Product found for this productcode', '2017-04-25 12:45:32'),
(626, 1, NULL, 6, 404, NULL, '2017-04-25 12:45:32'),
(627, 1, NULL, 6, 200, NULL, '2017-04-25 12:45:32'),
(628, 1, 'title123', 4, 200, NULL, '2017-04-25 12:45:32'),
(629, 1, 'title123', 4, 200, 'Product code already exists', '2017-04-25 12:45:32'),
(630, 1, 'title123', 7, 200, NULL, '2017-04-25 12:45:32'),
(631, 1, 'title123', 3, 200, NULL, '2017-04-25 12:45:32'),
(632, 1, 'title123', 8, 200, NULL, '2017-04-25 12:45:32'),
(633, 1, 'title123', 5, 200, NULL, '2017-04-25 12:45:32'),
(634, 1, 'title123', 5, 200, NULL, '2017-04-25 12:45:32'),
(635, 1, NULL, 1, 200, NULL, '2017-04-25 12:47:06'),
(636, 1, NULL, 1, 200, NULL, '2017-04-25 12:47:06'),
(637, 1, NULL, 1, 200, NULL, '2017-04-25 12:47:06'),
(638, 1, NULL, 9, 200, NULL, '2017-04-25 12:47:06'),
(639, 1, NULL, 9, 200, NULL, '2017-04-25 12:47:06'),
(640, 1, NULL, 9, 200, NULL, '2017-04-25 12:47:06'),
(641, 1, 'hawai120', 2, 200, NULL, '2017-04-25 12:47:06'),
(642, 1, 'wrong124', 2, 404, 'No Product found for this productcode', '2017-04-25 12:47:06'),
(643, 1, NULL, 6, 404, NULL, '2017-04-25 12:47:06'),
(644, 1, NULL, 6, 200, NULL, '2017-04-25 12:47:06'),
(645, 1, 'title123', 4, 200, NULL, '2017-04-25 12:47:06'),
(646, 1, 'title123', 4, 200, 'Product code already exists', '2017-04-25 12:47:06'),
(647, 1, 'title123', 7, 200, NULL, '2017-04-25 12:47:06'),
(648, 1, 'title123', 3, 200, NULL, '2017-04-25 12:47:06'),
(649, 1, 'title123', 8, 200, NULL, '2017-04-25 12:47:06'),
(650, 1, 'title123', 5, 200, NULL, '2017-04-25 12:47:06'),
(651, 1, 'title123', 5, 200, NULL, '2017-04-25 12:47:06'),
(652, 1, NULL, 1, 200, NULL, '2017-04-25 12:53:27'),
(653, 1, NULL, 1, 200, NULL, '2017-04-25 12:53:27'),
(654, 1, NULL, 1, 200, NULL, '2017-04-25 12:53:27'),
(655, 1, NULL, 9, 200, NULL, '2017-04-25 12:53:27'),
(656, 1, NULL, 9, 200, NULL, '2017-04-25 12:53:27'),
(657, 1, NULL, 9, 200, NULL, '2017-04-25 12:53:27'),
(658, 1, 'hawai120', 2, 200, NULL, '2017-04-25 12:53:27'),
(659, 1, 'wrong124', 2, 404, 'No Product found for this productcode', '2017-04-25 12:53:27'),
(660, 1, NULL, 6, 404, NULL, '2017-04-25 12:53:27'),
(661, 1, NULL, 6, 200, NULL, '2017-04-25 12:53:27'),
(662, 1, 'title123', 4, 200, NULL, '2017-04-25 12:53:27'),
(663, 1, 'title123', 4, 200, 'Product code already exists', '2017-04-25 12:53:28'),
(664, 1, 'title123', 7, 200, NULL, '2017-04-25 12:53:28'),
(665, 1, 'title123', 3, 200, NULL, '2017-04-25 12:53:28'),
(666, 1, 'title123', 8, 200, NULL, '2017-04-25 12:53:28'),
(667, 1, 'title123', 5, 200, NULL, '2017-04-25 12:53:28'),
(668, 1, 'title123', 5, 200, NULL, '2017-04-25 12:53:28'),
(669, 1, NULL, 1, 200, NULL, '2017-04-25 12:57:54'),
(670, 1, NULL, 1, 200, NULL, '2017-04-25 12:57:54'),
(671, 1, NULL, 1, 200, NULL, '2017-04-25 12:57:54'),
(672, 1, NULL, 9, 200, NULL, '2017-04-25 12:57:54'),
(673, 1, NULL, 9, 200, NULL, '2017-04-25 12:57:54'),
(674, 1, NULL, 9, 200, NULL, '2017-04-25 12:57:54'),
(675, 1, 'hawai120', 2, 200, NULL, '2017-04-25 12:57:54'),
(676, 1, 'wrong124', 2, 404, 'No Product found for this productcode', '2017-04-25 12:57:54'),
(677, 1, NULL, 6, 404, NULL, '2017-04-25 12:57:54'),
(678, 1, NULL, 6, 200, NULL, '2017-04-25 12:57:54'),
(679, 1, 'title123', 4, 200, NULL, '2017-04-25 12:57:55'),
(680, 1, 'title123', 4, 200, 'Product code already exists', '2017-04-25 12:57:55'),
(681, 1, 'title123', 7, 200, NULL, '2017-04-25 12:57:55'),
(682, 1, 'title123', 3, 200, NULL, '2017-04-25 12:57:55'),
(683, 1, 'title123', 8, 200, NULL, '2017-04-25 12:57:55'),
(684, 1, NULL, 1, 200, NULL, '2017-04-25 12:58:28'),
(685, 1, NULL, 1, 200, NULL, '2017-04-25 12:58:28'),
(686, 1, NULL, 1, 200, NULL, '2017-04-25 12:58:28'),
(687, 1, NULL, 9, 200, NULL, '2017-04-25 12:58:28'),
(688, 1, NULL, 9, 200, NULL, '2017-04-25 12:58:28'),
(689, 1, NULL, 9, 200, NULL, '2017-04-25 12:58:28'),
(690, 1, 'hawai120', 2, 200, NULL, '2017-04-25 12:58:28'),
(691, 1, 'wrong124', 2, 404, 'No Product found for this productcode', '2017-04-25 12:58:28'),
(692, 1, NULL, 6, 404, NULL, '2017-04-25 12:58:28'),
(693, 1, NULL, 6, 200, NULL, '2017-04-25 12:58:28'),
(694, 1, 'title123', 4, 200, NULL, '2017-04-25 12:58:29'),
(695, 1, 'title123', 4, 200, 'Product code already exists', '2017-04-25 12:58:29'),
(696, 1, 'title123', 7, 200, NULL, '2017-04-25 12:58:29'),
(697, 1, 'title123', 3, 200, NULL, '2017-04-25 12:58:29'),
(698, 1, 'title123', 8, 200, NULL, '2017-04-25 12:58:29'),
(699, 1, 'title123', 5, 200, NULL, '2017-04-25 12:58:29'),
(700, 1, NULL, 1, 200, NULL, '2017-04-25 12:58:56'),
(701, 1, NULL, 1, 200, NULL, '2017-04-25 12:58:56'),
(702, 1, NULL, 1, 200, NULL, '2017-04-25 12:58:56'),
(703, 1, NULL, 9, 200, NULL, '2017-04-25 12:58:56'),
(704, 1, NULL, 9, 200, NULL, '2017-04-25 12:58:56'),
(705, 1, NULL, 9, 200, NULL, '2017-04-25 12:58:56'),
(706, 1, 'hawai120', 2, 200, NULL, '2017-04-25 12:58:56'),
(707, 1, 'wrong124', 2, 404, 'No Product found for this productcode', '2017-04-25 12:58:57'),
(708, 1, NULL, 6, 404, NULL, '2017-04-25 12:58:57'),
(709, 1, NULL, 6, 200, NULL, '2017-04-25 12:58:57'),
(710, 1, 'title123', 4, 200, NULL, '2017-04-25 12:58:57'),
(711, 1, 'title123', 4, 200, 'Product code already exists', '2017-04-25 12:58:57'),
(712, 1, 'title123', 7, 200, NULL, '2017-04-25 12:58:57'),
(713, 1, 'title123', 3, 200, NULL, '2017-04-25 12:58:57'),
(714, 1, 'title123', 8, 200, NULL, '2017-04-25 12:58:57'),
(715, 1, 'title123', 5, 200, NULL, '2017-04-25 12:58:57'),
(716, 1, NULL, 1, 200, NULL, '2017-04-25 12:59:46'),
(717, 1, NULL, 1, 200, NULL, '2017-04-25 12:59:46'),
(718, 1, NULL, 1, 200, NULL, '2017-04-25 12:59:46'),
(719, 1, NULL, 9, 200, NULL, '2017-04-25 12:59:46'),
(720, 1, NULL, 9, 200, NULL, '2017-04-25 12:59:46'),
(721, 1, NULL, 9, 200, NULL, '2017-04-25 12:59:46'),
(722, 1, 'hawai120', 2, 200, NULL, '2017-04-25 12:59:46'),
(723, 1, 'wrong124', 2, 404, 'No Product found for this productcode', '2017-04-25 12:59:47'),
(724, 1, NULL, 6, 404, NULL, '2017-04-25 12:59:47'),
(725, 1, NULL, 6, 200, NULL, '2017-04-25 12:59:47'),
(726, 1, 'title123', 4, 200, NULL, '2017-04-25 12:59:47'),
(727, 1, 'title123', 4, 200, 'Product code already exists', '2017-04-25 12:59:47'),
(728, 1, 'title123', 7, 200, NULL, '2017-04-25 12:59:47'),
(729, 1, 'title123', 3, 200, NULL, '2017-04-25 12:59:47'),
(730, 1, 'title123', 8, 200, NULL, '2017-04-25 12:59:47'),
(731, 1, 'title123', 5, 200, NULL, '2017-04-25 12:59:47'),
(732, 1, NULL, 1, 200, NULL, '2017-04-25 13:00:43'),
(733, 1, NULL, 1, 200, NULL, '2017-04-25 13:00:43'),
(734, 1, NULL, 1, 200, NULL, '2017-04-25 13:00:43'),
(735, 1, NULL, 9, 200, NULL, '2017-04-25 13:00:43'),
(736, 1, NULL, 9, 200, NULL, '2017-04-25 13:00:43'),
(737, 1, NULL, 9, 200, NULL, '2017-04-25 13:00:43'),
(738, 1, 'hawai120', 2, 200, NULL, '2017-04-25 13:00:43'),
(739, 1, 'wrong124', 2, 404, 'No Product found for this productcode', '2017-04-25 13:00:43'),
(740, 1, NULL, 6, 404, NULL, '2017-04-25 13:00:43'),
(741, 1, NULL, 6, 200, NULL, '2017-04-25 13:00:43'),
(742, 1, 'title123', 4, 200, NULL, '2017-04-25 13:00:43'),
(743, 1, 'title123', 4, 200, 'Product code already exists', '2017-04-25 13:00:43'),
(744, 1, 'title123', 7, 200, NULL, '2017-04-25 13:00:43'),
(745, 1, 'title123', 3, 200, NULL, '2017-04-25 13:00:43'),
(746, 1, 'title123', 8, 200, NULL, '2017-04-25 13:00:44'),
(747, 1, 'title123', 5, 200, NULL, '2017-04-25 13:00:44'),
(748, 1, NULL, 1, 200, NULL, '2017-04-25 13:02:04'),
(749, 1, NULL, 1, 200, NULL, '2017-04-25 13:02:04'),
(750, 1, NULL, 1, 200, NULL, '2017-04-25 13:02:04'),
(751, 1, NULL, 9, 200, NULL, '2017-04-25 13:02:04'),
(752, 1, NULL, 9, 200, NULL, '2017-04-25 13:02:04'),
(753, 1, NULL, 9, 200, NULL, '2017-04-25 13:02:04'),
(754, 1, 'hawai120', 2, 200, NULL, '2017-04-25 13:02:04'),
(755, 1, 'wrong124', 2, 404, 'No Product found for this productcode', '2017-04-25 13:02:04'),
(756, 1, NULL, 6, 404, NULL, '2017-04-25 13:02:04'),
(757, 1, NULL, 6, 200, NULL, '2017-04-25 13:02:04'),
(758, 1, 'title123', 4, 200, NULL, '2017-04-25 13:02:04'),
(759, 1, 'title123', 4, 200, 'Product code already exists', '2017-04-25 13:02:04'),
(760, 1, 'title123', 7, 200, NULL, '2017-04-25 13:02:05'),
(761, 1, 'title123', 3, 200, NULL, '2017-04-25 13:02:05'),
(762, 1, 'title123', 8, 200, NULL, '2017-04-25 13:02:05'),
(763, 1, 'title123', 5, 200, NULL, '2017-04-25 13:02:05'),
(764, 1, 'title123', 5, 200, NULL, '2017-04-25 13:02:05'),
(765, 1, NULL, 1, 200, NULL, '2017-04-25 18:34:02'),
(766, 1, NULL, 1, 200, NULL, '2017-04-25 18:34:02'),
(767, 1, NULL, 1, 200, NULL, '2017-04-25 18:34:02'),
(768, 1, NULL, 9, 200, NULL, '2017-04-25 18:34:02'),
(769, 1, NULL, 9, 200, NULL, '2017-04-25 18:34:02'),
(770, 1, NULL, 9, 200, NULL, '2017-04-25 18:34:02'),
(771, 1, 'hawai120', 2, 200, NULL, '2017-04-25 18:34:02'),
(772, 1, 'wrong124', 2, 404, 'No Product found for this productcode', '2017-04-25 18:34:02'),
(773, 1, NULL, 6, 404, NULL, '2017-04-25 18:34:02'),
(774, 1, NULL, 6, 200, NULL, '2017-04-25 18:34:02'),
(775, 1, 'title123', 4, 200, NULL, '2017-04-25 18:34:02'),
(776, 1, 'title123', 4, 200, 'Product code already exists', '2017-04-25 18:34:02'),
(777, 1, 'title123', 7, 200, NULL, '2017-04-25 18:34:02'),
(778, 1, 'title123', 3, 200, NULL, '2017-04-25 18:34:03'),
(779, 1, 'title123', 8, 200, NULL, '2017-04-25 18:34:03'),
(780, 1, 'title123', 5, 200, NULL, '2017-04-25 18:34:03'),
(781, 1, 'title123', 5, 200, NULL, '2017-04-25 18:34:03'),
(782, 1, NULL, 1, 200, NULL, '2017-04-25 20:12:22'),
(783, 1, NULL, 1, 200, NULL, '2017-04-25 20:12:22'),
(784, 1, NULL, 1, 200, NULL, '2017-04-25 20:12:22'),
(785, 1, NULL, 9, 200, NULL, '2017-04-25 20:12:22'),
(786, 1, NULL, 9, 200, NULL, '2017-04-25 20:12:22'),
(787, 1, NULL, 9, 200, NULL, '2017-04-25 20:12:22'),
(788, 1, 'hawai120', 2, 200, NULL, '2017-04-25 20:12:22'),
(789, 1, 'wrong124', 2, 404, 'No Product found for this productcode', '2017-04-25 20:12:22'),
(790, 1, NULL, 6, 404, NULL, '2017-04-25 20:12:22'),
(791, 1, NULL, 6, 200, NULL, '2017-04-25 20:12:22'),
(792, 1, 'title123', 4, 200, NULL, '2017-04-25 20:12:22'),
(793, 1, 'title123', 4, 200, 'Product code already exists', '2017-04-25 20:12:22'),
(794, 1, 'title123', 7, 200, NULL, '2017-04-25 20:12:22'),
(795, 1, 'title123', 3, 200, NULL, '2017-04-25 20:12:23'),
(796, 1, 'title123', 8, 200, NULL, '2017-04-25 20:12:23'),
(797, 1, 'title123', 5, 200, NULL, '2017-04-25 20:12:23'),
(798, 1, 'title123', 5, 200, NULL, '2017-04-25 20:12:23'),
(799, 1, NULL, 1, 200, NULL, '2017-04-25 21:46:35'),
(800, 1, NULL, 1, 200, NULL, '2017-04-25 21:46:35'),
(801, 1, NULL, 1, 200, NULL, '2017-04-25 21:46:35'),
(802, 1, NULL, 9, 200, NULL, '2017-04-25 21:46:35'),
(803, 1, NULL, 9, 200, NULL, '2017-04-25 21:46:35'),
(804, 1, NULL, 9, 200, NULL, '2017-04-25 21:46:36'),
(805, 1, 'hawai120', 2, 200, NULL, '2017-04-25 21:46:36'),
(806, 1, 'wrong124', 2, 404, 'No Product found for this productcode', '2017-04-25 21:46:36'),
(807, 1, NULL, 6, 404, NULL, '2017-04-25 21:46:36'),
(808, 1, NULL, 6, 200, NULL, '2017-04-25 21:46:36'),
(809, 1, 'title123', 4, 200, NULL, '2017-04-25 21:46:36'),
(810, 1, 'title123', 4, 200, 'Product code already exists', '2017-04-25 21:46:36'),
(811, 1, 'title123', 7, 200, NULL, '2017-04-25 21:46:36'),
(812, 1, 'title123', 3, 200, NULL, '2017-04-25 21:46:36'),
(813, 1, 'title123', 8, 200, NULL, '2017-04-25 21:46:36'),
(814, 1, 'title123', 5, 200, NULL, '2017-04-25 21:46:36'),
(815, 1, 'title123', 5, 200, NULL, '2017-04-25 21:46:36'),
(816, 1, NULL, 1, 200, NULL, '2017-04-25 21:47:39'),
(817, 1, NULL, 1, 200, NULL, '2017-04-25 21:47:39'),
(818, 1, NULL, 1, 200, NULL, '2017-04-25 21:47:39'),
(819, 1, NULL, 9, 200, NULL, '2017-04-25 21:47:40'),
(820, 1, NULL, 9, 200, NULL, '2017-04-25 21:47:40'),
(821, 1, NULL, 9, 200, NULL, '2017-04-25 21:47:40'),
(822, 1, 'hawai120', 2, 200, NULL, '2017-04-25 21:47:40'),
(823, 1, 'wrong124', 2, 404, 'No Product found for this productcode', '2017-04-25 21:47:40'),
(824, 1, NULL, 6, 404, NULL, '2017-04-25 21:47:40'),
(825, 1, NULL, 6, 200, NULL, '2017-04-25 21:47:40'),
(826, 1, 'title123', 4, 200, NULL, '2017-04-25 21:47:40'),
(827, 1, 'title123', 4, 200, 'Product code already exists', '2017-04-25 21:47:40'),
(828, 1, 'title123', 7, 200, NULL, '2017-04-25 21:47:40'),
(829, 1, 'title123', 3, 200, NULL, '2017-04-25 21:47:40'),
(830, 1, 'title123', 8, 200, NULL, '2017-04-25 21:47:40'),
(831, 1, 'title123', 5, 200, NULL, '2017-04-25 21:47:40'),
(832, 1, 'title123', 5, 200, NULL, '2017-04-25 21:47:40'),
(833, 1, NULL, 1, 200, NULL, '2017-04-25 21:49:57'),
(834, 1, NULL, 1, 200, NULL, '2017-04-25 21:49:57'),
(835, 1, NULL, 1, 200, NULL, '2017-04-25 21:49:57'),
(836, 1, NULL, 9, 200, NULL, '2017-04-25 21:49:57'),
(837, 1, NULL, 9, 200, NULL, '2017-04-25 21:49:57'),
(838, 1, NULL, 9, 200, NULL, '2017-04-25 21:49:57'),
(839, 1, 'hawai120', 2, 200, NULL, '2017-04-25 21:49:57'),
(840, 1, 'wrong124', 2, 404, 'No Product found for this productcode', '2017-04-25 21:49:57'),
(841, 1, NULL, 6, 404, NULL, '2017-04-25 21:49:57'),
(842, 1, NULL, 6, 200, NULL, '2017-04-25 21:49:57'),
(843, 1, 'title123', 4, 200, NULL, '2017-04-25 21:49:57'),
(844, 1, 'title123', 4, 200, 'Product code already exists', '2017-04-25 21:49:57'),
(845, 1, 'title123', 7, 200, NULL, '2017-04-25 21:49:57'),
(846, 1, 'title123', 3, 200, NULL, '2017-04-25 21:49:58'),
(847, 1, 'title123', 8, 200, NULL, '2017-04-25 21:49:58'),
(848, 1, 'title123', 5, 200, NULL, '2017-04-25 21:49:58'),
(849, 1, 'title123', 5, 200, NULL, '2017-04-25 21:49:58'),
(850, 1, NULL, 1, 200, NULL, '2017-04-25 21:53:00'),
(851, 1, NULL, 1, 200, NULL, '2017-04-25 21:53:00'),
(852, 1, NULL, 1, 200, NULL, '2017-04-25 21:53:00'),
(853, 1, NULL, 9, 200, NULL, '2017-04-25 21:53:00'),
(854, 1, NULL, 9, 200, NULL, '2017-04-25 21:53:00'),
(855, 1, NULL, 9, 200, NULL, '2017-04-25 21:53:00'),
(856, 1, 'hawai120', 2, 200, NULL, '2017-04-25 21:53:00'),
(857, 1, 'wrong124', 2, 404, 'No Product found for this productcode', '2017-04-25 21:53:00'),
(858, 1, NULL, 6, 404, NULL, '2017-04-25 21:53:00'),
(859, 1, NULL, 6, 200, NULL, '2017-04-25 21:53:00'),
(860, 1, 'title123', 4, 200, NULL, '2017-04-25 21:53:00'),
(861, 1, 'title123', 4, 200, 'Product code already exists', '2017-04-25 21:53:00'),
(862, 1, 'title123', 7, 200, NULL, '2017-04-25 21:53:00'),
(863, 1, 'title123', 3, 200, NULL, '2017-04-25 21:53:00'),
(864, 1, 'title123', 8, 200, NULL, '2017-04-25 21:53:00'),
(865, 1, 'title123', 5, 200, NULL, '2017-04-25 21:53:00'),
(866, 1, 'title123', 5, 200, NULL, '2017-04-25 21:53:00'),
(867, 1, NULL, 1, 200, NULL, '2017-04-25 21:58:26'),
(868, 1, NULL, 1, 200, NULL, '2017-04-25 21:58:26'),
(869, 1, NULL, 1, 200, NULL, '2017-04-25 21:58:26'),
(870, 1, NULL, 9, 200, NULL, '2017-04-25 21:58:26'),
(871, 1, NULL, 9, 200, NULL, '2017-04-25 21:58:26'),
(872, 1, NULL, 9, 200, NULL, '2017-04-25 21:58:26'),
(873, 1, 'hawai120', 2, 200, NULL, '2017-04-25 21:58:26'),
(874, 1, 'wrong124', 2, 404, 'No Product found for this productcode', '2017-04-25 21:58:26'),
(875, 1, NULL, 6, 404, NULL, '2017-04-25 21:58:26'),
(876, 1, NULL, 6, 200, NULL, '2017-04-25 21:58:26'),
(877, 1, 'title123', 4, 200, NULL, '2017-04-25 21:58:26'),
(878, 1, 'title123', 4, 200, 'Product code already exists', '2017-04-25 21:58:26'),
(879, 1, 'title123', 7, 200, NULL, '2017-04-25 21:58:27'),
(880, 1, 'title123', 3, 200, NULL, '2017-04-25 21:58:27'),
(881, 1, 'title123', 8, 200, NULL, '2017-04-25 21:58:27'),
(882, 1, 'title123', 5, 200, NULL, '2017-04-25 21:58:27'),
(883, 1, 'title123', 5, 200, NULL, '2017-04-25 21:58:27'),
(884, 1, NULL, 1, 200, NULL, '2017-04-25 21:59:36'),
(885, 1, NULL, 1, 200, NULL, '2017-04-25 21:59:36'),
(886, 1, NULL, 1, 200, NULL, '2017-04-25 21:59:36'),
(887, 1, NULL, 9, 200, NULL, '2017-04-25 21:59:36'),
(888, 1, NULL, 9, 200, NULL, '2017-04-25 21:59:36'),
(889, 1, NULL, 9, 200, NULL, '2017-04-25 21:59:36'),
(890, 1, 'hawai120', 2, 200, NULL, '2017-04-25 21:59:36'),
(891, 1, 'wrong124', 2, 404, 'No Product found for this productcode', '2017-04-25 21:59:36'),
(892, 1, NULL, 6, 404, NULL, '2017-04-25 21:59:36'),
(893, 1, NULL, 6, 200, NULL, '2017-04-25 21:59:36'),
(894, 1, 'title123', 4, 200, NULL, '2017-04-25 21:59:36'),
(895, 1, 'title123', 4, 200, 'Product code already exists', '2017-04-25 21:59:36'),
(896, 1, 'title123', 7, 200, NULL, '2017-04-25 21:59:36'),
(897, 1, 'title123', 3, 200, NULL, '2017-04-25 21:59:36'),
(898, 1, 'title123', 8, 200, NULL, '2017-04-25 21:59:37'),
(899, 1, 'title123', 5, 200, NULL, '2017-04-25 21:59:37'),
(900, 1, 'title123', 5, 200, NULL, '2017-04-25 21:59:37'),
(901, 1, NULL, 1, 200, NULL, '2017-04-25 22:03:04'),
(902, 1, NULL, 1, 200, NULL, '2017-04-25 22:03:04'),
(903, 1, NULL, 1, 200, NULL, '2017-04-25 22:03:04'),
(904, 1, NULL, 9, 200, NULL, '2017-04-25 22:03:04'),
(905, 1, NULL, 9, 200, NULL, '2017-04-25 22:03:05');
INSERT INTO `transaction` (`id`, `userid`, `productcode`, `operation`, `responsecode`, `comments`, `time`) VALUES
(906, 1, NULL, 9, 200, NULL, '2017-04-25 22:03:05'),
(907, 1, 'hawai120', 2, 200, NULL, '2017-04-25 22:03:05'),
(908, 1, 'wrong124', 2, 404, 'No Product found for this productcode', '2017-04-25 22:03:05'),
(909, 1, NULL, 6, 404, NULL, '2017-04-25 22:03:05'),
(910, 1, NULL, 6, 200, NULL, '2017-04-25 22:03:05'),
(911, 1, 'title123', 4, 200, NULL, '2017-04-25 22:03:05'),
(912, 1, 'title123', 4, 200, 'Product code already exists', '2017-04-25 22:03:05'),
(913, 1, 'title123', 7, 200, NULL, '2017-04-25 22:03:05'),
(914, 1, 'title123', 3, 200, NULL, '2017-04-25 22:03:05'),
(915, 1, 'title123', 8, 200, NULL, '2017-04-25 22:03:05'),
(916, 1, 'title123', 5, 200, NULL, '2017-04-25 22:03:05'),
(917, 1, 'title123', 5, 200, NULL, '2017-04-25 22:03:05');

-- --------------------------------------------------------

--
-- Table structure for table `user`
--

CREATE TABLE `user` (
  `id` int(11) NOT NULL,
  `username` varchar(20) NOT NULL,
  `password` text NOT NULL,
  `token` text COMMENT 'auth token',
  `tokenexpiry` text COMMENT 'Stores timestamp of token expiry',
  `timecreated` timestamp NOT NULL DEFAULT CURRENT_TIMESTAMP
) ENGINE=InnoDB DEFAULT CHARSET=latin1;

--
-- Dumping data for table `user`
--

INSERT INTO `user` (`id`, `username`, `password`, `token`, `tokenexpiry`, `timecreated`) VALUES
(1, 'johndoe', '06c219e5bc8378f3a8a3f83b4b7e4649', '', NULL, '2017-04-11 20:48:52'),
(5, 'devang', '0d4b5ee07094c62d904cff9159a83423', NULL, NULL, '2017-04-15 12:56:26'),
(6, 'sameer', '9e504f90d5833e41a0e300f7204b4f4b', NULL, NULL, '2017-04-15 13:32:17'),
(7, 'siddarth', '014af00e56d8b6f7c1e3cf1ec9647261', NULL, NULL, '2017-04-15 13:36:43'),
(9, 'akshat', 'e2ecc52b2dcc73a2f4a9633bd37c7de7', 'eyJhbGciOiJIUzI1NiIsInR5cCI6IkpXVCJ9.eyJ1c2VyIjoiYWtzaGF0IiwiaWF0IjoxNDkyOTc4NzI4LCJleHAiOjE0OTMwNjUxMjh9.l9p_0QMO5A_1XgEOWy0_9R_mV8wHQkmNnhhfLVjJS9E', '1493065128063', '2017-04-15 17:11:32');

--
-- Indexes for dumped tables
--

--
-- Indexes for table `brand`
--
ALTER TABLE `brand`
  ADD PRIMARY KEY (`id`),
  ADD UNIQUE KEY `name` (`name`);

--
-- Indexes for table `operation`
--
ALTER TABLE `operation`
  ADD PRIMARY KEY (`id`);

--
-- Indexes for table `product`
--
ALTER TABLE `product`
  ADD PRIMARY KEY (`id`),
  ADD UNIQUE KEY `name` (`name`),
  ADD UNIQUE KEY `productcode` (`productcode`),
  ADD KEY `fk_brand_id` (`brand`);

--
-- Indexes for table `transaction`
--
ALTER TABLE `transaction`
  ADD PRIMARY KEY (`id`),
  ADD KEY `userid` (`userid`),
  ADD KEY `operation` (`operation`),
  ADD KEY `transaction_ibfk_2` (`productcode`);

--
-- Indexes for table `user`
--
ALTER TABLE `user`
  ADD PRIMARY KEY (`id`),
  ADD UNIQUE KEY `username` (`username`);

--
-- AUTO_INCREMENT for dumped tables
--

--
-- AUTO_INCREMENT for table `brand`
--
ALTER TABLE `brand`
  MODIFY `id` int(11) NOT NULL AUTO_INCREMENT, AUTO_INCREMENT=7;
--
-- AUTO_INCREMENT for table `operation`
--
ALTER TABLE `operation`
  MODIFY `id` int(11) NOT NULL AUTO_INCREMENT, AUTO_INCREMENT=11;
--
-- AUTO_INCREMENT for table `product`
--
ALTER TABLE `product`
  MODIFY `id` int(11) NOT NULL AUTO_INCREMENT, AUTO_INCREMENT=26;
--
-- AUTO_INCREMENT for table `transaction`
--
ALTER TABLE `transaction`
  MODIFY `id` int(11) NOT NULL AUTO_INCREMENT, AUTO_INCREMENT=918;
--
-- AUTO_INCREMENT for table `user`
--
ALTER TABLE `user`
  MODIFY `id` int(11) NOT NULL AUTO_INCREMENT, AUTO_INCREMENT=10;
--
-- Constraints for dumped tables
--

--
-- Constraints for table `product`
--
ALTER TABLE `product`
  ADD CONSTRAINT `fk_brand_id` FOREIGN KEY (`brand`) REFERENCES `brand` (`id`) ON DELETE NO ACTION ON UPDATE NO ACTION;

--
-- Constraints for table `transaction`
--
ALTER TABLE `transaction`
  ADD CONSTRAINT `transaction_ibfk_1` FOREIGN KEY (`userid`) REFERENCES `user` (`id`),
  ADD CONSTRAINT `transaction_ibfk_3` FOREIGN KEY (`operation`) REFERENCES `operation` (`id`);

/*!40101 SET CHARACTER_SET_CLIENT=@OLD_CHARACTER_SET_CLIENT */;
/*!40101 SET CHARACTER_SET_RESULTS=@OLD_CHARACTER_SET_RESULTS */;
/*!40101 SET COLLATION_CONNECTION=@OLD_COLLATION_CONNECTION */;
